objectName,type,x1,y1,dx,dy,file,label,scale
<ui.PyQtImageViewer.QtImageViewer.RectROI object at 0x0000020ECB1EC910>,RectROI,26.970387243735765,8.765375854214122,56.63781321184511,51.91799544419135,region10002_Z.jpg,9AP (R),0.0253378378378378
<ui.PyQtImageViewer.QtImageViewer.RectROI object at 0x0000020ECB1EC9B0>,RectROI,130.80637813211845,83.60820045558087,58.66059225512527,55.28929384965831,region10002_Z.jpg,9AP (R),0.0253378378378378
<ui.PyQtImageViewer.QtImageViewer.RectROI object at 0x0000020ECB1EC730>,RectROI,55.28929384965832,238.6879271070615,60.00911161731207,55.28929384965829,region10002_Z.jpg,9AP (S),0.0253378378378378
<ui.PyQtImageViewer.QtImageViewer.RectROI object at 0x0000020ECB1EC690>,RectROI,355.3348519362187,235.990888382688,57.31207289293849,61.35763097949885,region10002_Z.jpg,9AP (R),0.0253378378378378
<ui.PyQtImageViewer.QtImageViewer.RectROI object at 0x0000020ECB1ECE10>,RectROI,426.13211845102506,280.4920273348519,55.28929384965829,49.89521640091118,region10002_Z.jpg,9AP (R),0.0253378378378378
<ui.PyQtImageViewer.QtImageViewer.RectROI object at 0x0000020ECB1ECEB0>,RectROI,243.4077448747153,337.80410022779046,68.10022779043283,57.98633257403185,region10002_Z.jpg,9AP (R),0.0253378378378378
<ui.PyQtImageViewer.QtImageViewer.RectROI object at 0x0000020ECB1ED090>,RectROI,167.21640091116174,390.3963553530752,64.72892938496582,56.63781321184507,region10002_Z.jpg,9AP (S),0.0253378378378378
<ui.PyQtImageViewer.QtImageViewer.RectROI object at 0x0000020ECB1ED130>,RectROI,478.0501138952164,390.3963553530752,57.31207289293849,56.63781321184507,region10002_Z.jpg,9AP (R),0.0253378378378378
<ui.PyQtImageViewer.QtImageViewer.RectROI object at 0x0000020ECB1ED1D0>,RectROI,447.03416856492026,353.9863325740319,48.5466970387244,49.89521640091112,region10002_Z.jpg,9AP (S),0.0253378378378378
<ui.PyQtImageViewer.QtImageViewer.RectROI object at 0x0000020ECB1ED270>,RectROI,542.1047835990888,356.00911161731204,53.26651480637816,53.94077448747157,region10002_Z.jpg,9AP (R),0.0253378378378378
<ui.PyQtImageViewer.QtImageViewer.RectROI object at 0x0000020ECB1ED310>,RectROI,268.35535307517085,65.40318906605923,56.63781321184507,50.56947608200456,region10002_Z.jpg,9AP (S),0.0253378378378378
<ui.PyQtImageViewer.QtImageViewer.RectROI object at 0x0000020ECB1ED3B0>,RectROI,480.74715261959,494.2323462414578,57.31207289293843,54.61503416856493,region10002_Z.jpg,9AP (S),0.0253378378378378
<ui.PyQtImageViewer.QtImageViewer.RectROI object at 0x0000020ECB1ED450>,RectROI,430.8519362186788,473.3302961275626,51.24373576309796,60.0091116173121,region10002_Z.jpg,9AP (S),0.0253378378378378
<ui.PyQtImageViewer.QtImageViewer.RectROI object at 0x0000020ECB1ED590>,RectROI,573.7949886104783,225.876993166287,22.25056947608209,56.6378132118451,region10002_Z.jpg,9AP (None),0.0253378378378378
<ui.PyQtImageViewer.QtImageViewer.RectROI object at 0x0000020ECB1ECFF0>,RectROI,26.970387243735765,8.765375854214122,56.63781321184511,51.91799544419135,region10002_Z.jpg,9AP (R),0.0253378378378378
<ui.PyQtImageViewer.QtImageViewer.LineROI object at 0x0000020ECB1ECF50>,LineROI,64.05466970387243,35.735763097949885,43.82687927107062,47.87243735763098,region10002_Z.jpg,Empty Label,0.0253378378378378
<ui.PyQtImageViewer.QtImageViewer.LineROI object at 0x0000020ECB1ED8B0>,LineROI,151.70842824601365,122.04100227790433,150.35990888382688,99.11617312072892,region10002_Z.jpg,Empty Label,0.0253378378378378
<ui.PyQtImageViewer.QtImageViewer.LineROI object at 0x0000020ECB1ED950>,LineROI,92.77813211845104,252.4428246013668,70.33876993166287,261.93640091116174,region10002_Z.jpg,Empty Label,0.0253378378378378
<ui.PyQtImageViewer.QtImageViewer.LineROI object at 0x0000020ECB1EDA90>,LineROI,270.5669248291572,354.7145330296128,293.86933940774486,367.22879271070616,region10002_Z.jpg,Empty Label,0.0253378378378378
<ui.PyQtImageViewer.QtImageViewer.LineROI object at 0x0000020ECB1EDB30>,LineROI,395.2779954441913,270.1353986332574,378.4484738041002,282.218132118451,region10002_Z.jpg,Empty Label,0.0253378378378378
<ui.PyQtImageViewer.QtImageViewer.LineROI object at 0x0000020ECB1EDBD0>,LineROI,444.0404555808656,317.1717539863326,444.47198177676535,292.5747608200455,region10002_Z.jpg,Empty Label,0.0253378378378378
<ui.PyQtImageViewer.QtImageViewer.LineROI object at 0x0000020ECB1EDC70>,LineROI,198.93357630979497,416.4227790432802,191.5976309794989,431.09466970387246,region10002_Z.jpg,Empty Label,0.0253378378378378
<ui.PyQtImageViewer.QtImageViewer.LineROI object at 0x0000020ECB1EDD10>,LineROI,461.7330296127562,382.33220956719816,475.54186788154897,387.9420501138952,region10002_Z.jpg,Empty Label,0.0253378378378378
<ui.PyQtImageViewer.QtImageViewer.LineROI object at 0x0000020ECB1EDDB0>,LineROI,489.3507061503417,407.7922551252847,510.9270159453303,409.08683371298406,region10002_Z.jpg,Empty Label,0.0253378378378378
<ui.PyQtImageViewer.QtImageViewer.LineROI object at 0x0000020ECB1EDE50>,LineROI,573.4983143507973,374.5647380410023,589.033257403189,385.78441913439633,region10002_Z.jpg,Empty Label,0.0253378378378378
<ui.PyQtImageViewer.QtImageViewer.LineROI object at 0x0000020ECB1EDEF0>,LineROI,287.8279726651481,97.95644646924828,308.9727562642369,93.64118451025055,region10002_Z.jpg,Empty Label,0.0253378378378378
<ui.PyQtImageViewer.QtImageViewer.LineROI object at 0x0000020ECB1EDF90>,LineROI,447.9241913439636,510.4954897494305,463.89066059225513,518.2629612756264,region10002_Z.jpg,Empty Label,0.0253378378378378
<ui.PyQtImageViewer.QtImageViewer.LineROI object at 0x0000020ECB1EE030>,LineROI,496.6866514806378,532.0717995444192,520.852118451025,525.5989066059226,region10002_Z.jpg,Empty Label,0.0253378378378378
<ui.PyQtImageViewer.QtImageViewer.PointROI object at 0x0000020ECB1EE0D0>,PointROI,184.25512528473803,95.25284738041002,0.0,0.0,region10002_Z.jpg,vacancy,0.0253378378378378
<ui.PyQtImageViewer.QtImageViewer.RectROI object at 0x0000020ECB1ED9F0>,RectROI,44.64692482915718,18.22323462414579,-40.09111617312073,36.90205011389522,region20004_Z.jpg,9AP (S),0.0253378378378378
<ui.PyQtImageViewer.QtImageViewer.RectROI object at 0x0000020ECB1EE210>,RectROI,61.04783599088839,45.10250569476082,32.34624145785878,36.44646924829158,region20004_Z.jpg,9AP (S),0.0253378378378378
<ui.PyQtImageViewer.QtImageViewer.RectROI object at 0x0000020ECB1EE2B0>,RectROI,68.79271070615034,90.20501138952164,38.7243735763098,40.09111617312072,region20004_Z.jpg,9AP (R),0.0253378378378378
<ui.PyQtImageViewer.QtImageViewer.RectROI object at 0x0000020ECB1EE350>,RectROI,58.31435079726652,148.9749430523918,38.724373576309794,45.10250569476082,region20004_Z.jpg,9AP (R),0.0253378378378378
<ui.PyQtImageViewer.QtImageViewer.RectROI object at 0x0000020ECB1ED6D0>,RectROI,128.92938496583145,153.0751708428246,40.546697038724375,39.17995444191345,region20004_Z.jpg,9AP (S),0.0253378378378378
<ui.PyQtImageViewer.QtImageViewer.RectROI object at 0x0000020ECB1ED770>,RectROI,181.77676537585424,20.501138952164013,37.8132118451025,34.16856492027335,region20004_Z.jpg,9AP (R),0.0253378378378378
<ui.PyQtImageViewer.QtImageViewer.RectROI object at 0x0000020ECB1EE3F0>,RectROI,197.26651480637813,169.93166287015947,37.35763097949885,37.8132118451025,region20004_Z.jpg,9AP (S),0.0253378378378378
<ui.PyQtImageViewer.QtImageViewer.RectROI object at 0x0000020ECB1EE490>,RectROI,277.9043280182233,203.6446469248292,-43.7357630979499,36.44646924829158,region20004_Z.jpg,9AP (R),0.0253378378378378
<ui.PyQtImageViewer.QtImageViewer.RectROI object at 0x0000020ECB1EE530>,RectROI,315.2619589977221,157.17539863325743,42.82460136674263,45.10250569476082,region20004_Z.jpg,9AP (S),0.0253378378378378
<ui.PyQtImageViewer.QtImageViewer.RectROI object at 0x0000020ECB1EE5D0>,RectROI,362.6423690205012,143.5079726651481,31.43507972665145,38.7243735763098,region20004_Z.jpg,9AP (R),0.0253378378378378
<ui.PyQtImageViewer.QtImageViewer.RectROI object at 0x0000020ECB1EE670>,RectROI,325.740318906606,35.99088838268793,37.8132118451025,28.24601366742597,region20004_Z.jpg,9AP (R),0.0253378378378378
<ui.PyQtImageViewer.QtImageViewer.RectROI object at 0x0000020ECB1EE710>,RectROI,383.5990888382688,9.567198177676538,-42.82460136674257,27.790432801822327,region20004_Z.jpg,9AP (R),0.0253378378378378
<ui.PyQtImageViewer.QtImageViewer.RectROI object at 0x0000020ECB1EE7B0>,RectROI,170.84282460136677,267.4259681093394,42.36902050113895,33.25740318906611,region20004_Z.jpg,9AP (R),0.0253378378378378
<ui.PyQtImageViewer.QtImageViewer.RectROI object at 0x0000020ECB1EE170>,RectROI,165.37585421412302,315.2619589977221,44.19134396355352,40.09111617312078,region20004_Z.jpg,9AP (R),0.0253378378378378
<ui.PyQtImageViewer.QtImageViewer.RectROI object at 0x0000020ECB1EE850>,RectROI,113.89521640091117,290.6605922551253,36.44646924829159,33.25740318906605,region20004_Z.jpg,9AP (S),0.0253378378378378
<ui.PyQtImageViewer.QtImageViewer.RectROI object at 0x0000020ECB1EE8F0>,RectROI,146.24145785876993,353.5307517084283,-39.635535307517074,-30.523917995444208,region20004_Z.jpg,9AP (S),0.0253378378378378
<ui.PyQtImageViewer.QtImageViewer.RectROI object at 0x0000020ECB1EE990>,RectROI,43.28018223234625,340.31890660592256,38.7243735763098,41.4578587699317,region20004_Z.jpg,9AP (S),0.0253378378378378
<ui.PyQtImageViewer.QtImageViewer.RectROI object at 0x0000020ECB1EEA30>,RectROI,135.30751708428247,393.621867881549,-37.8132118451025,-37.8132118451025,region20004_Z.jpg,9AP (S),0.0253378378378378
<ui.PyQtImageViewer.QtImageViewer.LineROI object at 0x0000020ECB1EEAD0>,LineROI,28.701594533029617,26.87927107061504,13.211845102505697,31.890660592255127,region20004_Z.jpg,Empty Label,0.0253378378378378
<ui.PyQtImageViewer.QtImageViewer.LineROI object at 0x0000020ECB1EEB70>,LineROI,80.18223234624146,57.85876993166288,67.42596810933941,68.33712984054671,region20004_Z.jpg,Empty Label,0.0253378378378378
<ui.PyQtImageViewer.QtImageViewer.LineROI object at 0x0000020ECB1EECB0>,LineROI,95.21640091116174,106.60592255125286,87.47152619589978,120.2733485193622,region20004_Z.jpg,Empty Label,0.0253378378378378
<ui.PyQtImageViewer.QtImageViewer.LineROI object at 0x0000020ECB1EED50>,LineROI,71.98177676537586,160.36446469248293,87.92710706150342,166.74259681093395,region20004_Z.jpg,Empty Label,0.0253378378378378
<ui.PyQtImageViewer.QtImageViewer.LineROI object at 0x0000020ECB1EEDF0>,LineROI,147.60820045558089,163.0979498861048,136.67425968109342,174.48747152619592,region20004_Z.jpg,Empty Label,0.0253378378378378
<ui.PyQtImageViewer.QtImageViewer.LineROI object at 0x0000020ECB1EEE90>,LineROI,219.5899772209568,179.04328018223237,204.55580865603648,184.9658314350797,region20004_Z.jpg,Empty Label,0.0253378378378378
<ui.PyQtImageViewer.QtImageViewer.LineROI object at 0x0000020ECB1EEF30>,LineROI,246.92482915717545,229.6127562642369,245.5580865603645,210.9339407744875,region20004_Z.jpg,Empty Label,0.0253378378378378
<ui.PyQtImageViewer.QtImageViewer.LineROI object at 0x0000020ECB1EEFD0>,LineROI,329.3849658314351,182.2323462414579,344.4191343963554,194.07744874715263,region20004_Z.jpg,Empty Label,0.0253378378378378
<ui.PyQtImageViewer.QtImageViewer.LineROI object at 0x0000020ECB1EF070>,LineROI,369.9316628701594,170.38724373576312,370.8428246013668,154.44191343963556,region20004_Z.jpg,Empty Label,0.0253378378378378
<ui.PyQtImageViewer.QtImageViewer.LineROI object at 0x0000020ECB1EF110>,LineROI,340.77448747152624,44.191343963553535,352.16400911161736,47.380410022779046,region20004_Z.jpg,Empty Label,0.0253378378378378
<ui.PyQtImageViewer.QtImageViewer.LineROI object at 0x0000020ECB1EF1B0>,LineROI,353.07517084282466,19.58997722095672,370.3872437357632,20.501138952164013,region20004_Z.jpg,Empty Label,0.0253378378378378
<ui.PyQtImageViewer.QtImageViewer.LineROI object at 0x0000020ECB1EF250>,LineROI,198.63325740318908,47.835990888382696,190.43280182232348,31.435079726651484,region20004_Z.jpg,Empty Label,0.0253378378378378
<ui.PyQtImageViewer.QtImageViewer.LineROI object at 0x0000020ECB1EF2F0>,LineROI,189.52164009111613,275.62642369020506,204.55580865603648,282.9157175398633,region20004_Z.jpg,Empty Label,0.0253378378378378
<ui.PyQtImageViewer.QtImageViewer.LineROI object at 0x0000020ECB1EF390>,LineROI,172.66514806378134,326.6514806378132,190.8883826879272,327.1070615034169,region20004_Z.jpg,Empty Label,0.0253378378378378
<ui.PyQtImageViewer.QtImageViewer.LineROI object at 0x0000020ECB1EF430>,LineROI,127.10706150341689,303.41685649202736,123.00683371298406,312.9840546697039,region20004_Z.jpg,Empty Label,0.0253378378378378
<ui.PyQtImageViewer.QtImageViewer.LineROI object at 0x0000020ECB1EF4D0>,LineROI,131.20728929384967,342.1412300683372,131.20728929384967,328.4738041002278,region20004_Z.jpg,Empty Label,0.0253378378378378
<ui.PyQtImageViewer.QtImageViewer.LineROI object at 0x0000020ECB1EF570>,LineROI,106.1503416856492,379.95444191343967,123.00683371298406,374.0318906605923,region20004_Z.jpg,Empty Label,0.0253378378378378
<ui.PyQtImageViewer.QtImageViewer.LineROI object at 0x0000020ECB1EF610>,LineROI,55.12528473804101,369.0205011389522,71.98177676537586,364.0091116173121,region20004_Z.jpg,Empty Label,0.0253378378378378
<ui.PyQtImageViewer.QtImageViewer.PointROI object at 0x0000020ECB1EF6B0>,PointROI,23.635535307517088,130.69703872437358,0.0,0.0,region20004_Z.jpg,vacancy,0.0253378378378378
<ui.PyQtImageViewer.QtImageViewer.PointROI object at 0x0000020ECB1EF750>,PointROI,93.33940774487472,150.28701594533032,0.0,0.0,region20004_Z.jpg,vacancy,0.0253378378378378
<ui.PyQtImageViewer.QtImageViewer.RectROI object at 0x0000020ECB1ED630>,RectROI,26.4236902050114,8.200455580865604,40.546697038724375,33.25740318906607,region20005_Z.jpg,9AP (S),0.0253378378378378
<ui.PyQtImageViewer.QtImageViewer.RectROI object at 0x0000020ECB1EF890>,RectROI,109.33940774487472,57.85876993166288,40.54669703872439,37.81321184510252,region20005_Z.jpg,9AP (R),0.0253378378378378
<ui.PyQtImageViewer.QtImageViewer.RectROI object at 0x0000020ECB1EF930>,RectROI,21.867881548974943,111.16173120728932,45.55808656036446,38.7243735763098,region20005_Z.jpg,9AP (R),0.0253378378378378
<ui.PyQtImageViewer.QtImageViewer.RectROI object at 0x0000020ECB1EF9D0>,RectROI,29.612756264236904,84.73804100227791,-31.435079726651484,-36.902050113895214,region20005_Z.jpg,9AP (S),0.0253378378378378
<ui.PyQtImageViewer.QtImageViewer.RectROI object at 0x0000020ECB1EF7F0>,RectROI,179.95444191343967,12.756264236902052,38.26879271070615,36.902050113895214,region20005_Z.jpg,9AP (S),0.0253378378378378
<ui.PyQtImageViewer.QtImageViewer.RectROI object at 0x0000020ECB1EEC10>,RectROI,252.8473804100228,26.87927107061504,-40.546697038724375,34.62414578587699,region20005_Z.jpg,9AP (R),0.0253378378378378
<ui.PyQtImageViewer.QtImageViewer.RectROI object at 0x0000020ECB1EFBB0>,RectROI,325.2847380410023,5.011389521640091,39.6355353075171,37.35763097949887,region20005_Z.jpg,9AP (None),0.0253378378378378
<ui.PyQtImageViewer.QtImageViewer.RectROI object at 0x0000020ECB1EFC50>,RectROI,306.1503416856492,59.68109339407746,31.43507972665151,33.71298405466971,region20005_Z.jpg,9AP (R),0.0253378378378378
<ui.PyQtImageViewer.QtImageViewer.RectROI object at 0x0000020ECB1EFCF0>,RectROI,376.7653758542141,68.33712984054671,-36.9020501138952,34.62414578587699,region20005_Z.jpg,9AP (S),0.0253378378378378
<ui.PyQtImageViewer.QtImageViewer.RectROI object at 0x0000020ECB1EFD90>,RectROI,254.6697038724374,163.55353075170845,38.26879271070615,38.26879271070615,region20005_Z.jpg,9AP (R),0.0253378378378378
<ui.PyQtImageViewer.QtImageViewer.RectROI object at 0x0000020ECB1EFED0>,RectROI,338.95216400911164,153.53075170842826,39.6355353075171,34.624145785877005,region20005_Z.jpg,9AP (R),0.0253378378378378
<ui.PyQtImageViewer.QtImageViewer.RectROI object at 0x0000020ECB1EFE30>,RectROI,194.98861047836,163.55353075170845,41.002277904328025,36.44646924829158,region20005_Z.jpg,9AP (R),0.0253378378378378
<ui.PyQtImageViewer.QtImageViewer.RectROI object at 0x0000020ECBC4C190>,RectROI,147.60820045558089,164.46469248291572,40.546697038724375,40.546697038724375,region20005_Z.jpg,9AP (S),0.0253378378378378
<ui.PyQtImageViewer.QtImageViewer.RectROI object at 0x0000020ECBC4C230>,RectROI,40.09111617312073,175.39863325740322,30.5239179954442,35.53530751708428,region20005_Z.jpg,9AP (S),0.0253378378378378
<ui.PyQtImageViewer.QtImageViewer.RectROI object at 0x0000020ECBC4C2D0>,RectROI,115.2619589977221,198.63325740318908,-46.9248291571754,38.26879271070615,region20005_Z.jpg,9AP (S),0.0253378378378378
<ui.PyQtImageViewer.QtImageViewer.RectROI object at 0x0000020ECBC4C410>,RectROI,151.25284738041003,248.29157175398635,38.7243735763098,37.81321184510253,region20005_Z.jpg,9AP (S),0.0253378378378378
<ui.PyQtImageViewer.QtImageViewer.RectROI object at 0x0000020ECBC4C4B0>,RectROI,236.4464692482916,238.26879271070612,43.28018223234622,39.179954441913424,region20005_Z.jpg,9AP (R),0.0253378378378378
<ui.PyQtImageViewer.QtImageViewer.RectROI object at 0x0000020ECBC4C550>,RectROI,303.41685649202736,210.0227790432802,35.99088838268796,38.7243735763098,region20005_Z.jpg,9AP (S),0.0253378378378378
<ui.PyQtImageViewer.QtImageViewer.RectROI object at 0x0000020ECBC4C5F0>,RectROI,349.88610478359914,218.67881548974944,41.45785876993165,37.81321184510253,region20005_Z.jpg,9AP (R),0.0253378378378378
<ui.PyQtImageViewer.QtImageViewer.RectROI object at 0x0000020ECBC4C690>,RectROI,296.12756264236907,289.749430523918,41.002277904328025,41.913439635535326,region20005_Z.jpg,9AP (R),0.0253378378378378
<ui.PyQtImageViewer.QtImageViewer.RectROI object at 0x0000020ECBC4C370>,RectROI,247.83599088838272,303.41685649202736,43.7357630979499,42.82460136674263,region20005_Z.jpg,9AP (R),0.0253378378378378
<ui.PyQtImageViewer.QtImageViewer.RectROI object at 0x0000020ECBC4C730>,RectROI,316.6287015945331,357.17539863325743,40.09111617312072,38.26879271070618,region20005_Z.jpg,9AP (R),0.0253378378378378
<ui.PyQtImageViewer.QtImageViewer.RectROI object at 0x0000020ECBC4C7D0>,RectROI,91.57175398633258,329.3849658314351,38.268792710706165,35.079726651480655,region20005_Z.jpg,9AP (R),0.0253378378378378
<ui.PyQtImageViewer.QtImageViewer.RectROI object at 0x0000020ECBC4C870>,RectROI,24.601366742596813,297.9498861047836,42.36902050113896,35.99088838268796,region20005_Z.jpg,9AP (S),0.0253378378378378
<ui.PyQtImageViewer.QtImageViewer.RectROI object at 0x0000020ECBC4C910>,RectROI,42.8246013667426,269.70387243735763,40.546697038724375,38.7243735763098,region20005_Z.jpg,9AP (None),0.0253378378378378
<ui.PyQtImageViewer.QtImageViewer.RectROI object at 0x0000020ECBC4C9B0>,RectROI,106.1503416856492,271.0706150341686,-30.5239179954442,36.44646924829158,region20005_Z.jpg,9AP (S),0.0253378378378378
<ui.PyQtImageViewer.QtImageViewer.RectROI object at 0x0000020ECBC4CA50>,RectROI,69.70387243735763,358.54214123006835,38.7243735763098,30.523917995444208,region20005_Z.jpg,9AP (S),0.0253378378378378
<ui.PyQtImageViewer.QtImageViewer.LineROI object at 0x0000020ECBC4CAF0>,LineROI,0.9111617312072894,69.70387243735763,15.48974943052392,76.99316628701595,region20005_Z.jpg,Empty Label,0.0253378378378378
<ui.PyQtImageViewer.QtImageViewer.LineROI object at 0x0000020ECBC4CB90>,LineROI,49.202733485193626,130.29612756264237,36.44646924829158,139.40774487471526,region20005_Z.jpg,Empty Label,0.0253378378378378
<ui.PyQtImageViewer.QtImageViewer.LineROI object at 0x0000020ECBC4CC30>,LineROI,135.76309794988612,79.27107061503418,123.00683371298406,87.92710706150342,region20005_Z.jpg,Empty Label,0.0253378378378378
<ui.PyQtImageViewer.QtImageViewer.LineROI object at 0x0000020ECBC4CCD0>,LineROI,208.65603644646927,40.09111617312073,204.55580865603648,20.956719817767656,region20005_Z.jpg,Empty Label,0.0253378378378378
<ui.PyQtImageViewer.QtImageViewer.RectROI object at 0x0000020ECBC4CD70>,RectROI,252.8473804100228,26.87927107061504,-40.546697038724375,34.62414578587699,region20005_Z.jpg,9AP (R),0.0253378378378378
<ui.PyQtImageViewer.QtImageViewer.LineROI object at 0x0000020ECBC4CE10>,LineROI,238.72437357630983,44.64692482915718,226.87927107061503,54.66970387243736,region20005_Z.jpg,Empty Label,0.0253378378378378
<ui.PyQtImageViewer.QtImageViewer.LineROI object at 0x0000020ECBC4CEB0>,LineROI,317.995444191344,83.82687927107062,316.1731207289294,66.97038724373577,region20005_Z.jpg,Empty Label,0.0253378378378378
<ui.PyQtImageViewer.QtImageViewer.RectROI object at 0x0000020ECBC4CF50>,RectROI,376.7653758542141,68.33712984054671,-36.9020501138952,34.62414578587699,region20005_Z.jpg,9AP (S),0.0253378378378378
<ui.PyQtImageViewer.QtImageViewer.LineROI object at 0x0000020ECBC4CFF0>,LineROI,358.0865603644648,78.81548974943053,344.4191343963554,87.47152619589978,region20005_Z.jpg,Empty Label,0.0253378378378378
<ui.PyQtImageViewer.QtImageViewer.LineROI object at 0x0000020ECBC4D090>,LineROI,171.44419134396355,176.34259681093394,155.11617312072894,182.8738041002278,region20005_Z.jpg,Empty Label,0.0253378378378378
<ui.PyQtImageViewer.QtImageViewer.RectROI object at 0x0000020ECBC4D130>,RectROI,194.98861047836,163.55353075170845,41.002277904328025,36.44646924829158,region20005_Z.jpg,9AP (R),0.0253378378378378
<ui.PyQtImageViewer.QtImageViewer.LineROI object at 0x0000020ECBC4D1D0>,LineROI,210.3981776765376,174.94305239179954,224.62687927107064,181.2410022779044,region20005_Z.jpg,Empty Label,0.0253378378378378
<ui.PyQtImageViewer.QtImageViewer.LineROI object at 0x0000020ECBC4D270>,LineROI,265.6801822323462,175.87608200455583,281.3084282460137,176.575854214123,region20005_Z.jpg,Empty Label,0.0253378378378378
<ui.PyQtImageViewer.QtImageViewer.LineROI object at 0x0000020ECBC4D310>,LineROI,252.8510250569475,266.3799544419133,253.08428246013656,249.3521640091115,region20005_Z.jpg,Empty Label,0.0253378378378378
<ui.PyQtImageViewer.QtImageViewer.LineROI object at 0x0000020ECBC4D3B0>,LineROI,163.28018223234616,269.4123006833712,176.809111617312,279.9088838268792,region20005_Z.jpg,Empty Label,0.0253378378378378
<ui.PyQtImageViewer.QtImageViewer.LineROI object at 0x0000020ECBC4D450>,LineROI,76.27517084282461,218.5621867881549,90.97038724373576,228.3589977220957,region20005_Z.jpg,Empty Label,0.0253378378378378
<ui.PyQtImageViewer.QtImageViewer.LineROI object at 0x0000020ECBC4D4F0>,LineROI,85.60546697038723,295.3038724373576,86.5384965831435,280.14214123006826,region20005_Z.jpg,Empty Label,0.0253378378378378
<ui.PyQtImageViewer.QtImageViewer.LineROI object at 0x0000020ECBC4D590>,LineROI,102.16674259681088,341.48883826879256,118.72801822323456,342.88838268792693,region20005_Z.jpg,Empty Label,0.0253378378378378
<ui.PyQtImageViewer.QtImageViewer.LineROI object at 0x0000020ECBC4D630>,LineROI,37.08792710706149,325.394077448747,51.31662870159451,321.1954441913438,region20005_Z.jpg,Empty Label,0.0253378378378378
<ui.PyQtImageViewer.QtImageViewer.RectROI object at 0x0000020ECBC4D6D0>,RectROI,69.70387243735763,358.54214123006835,38.7243735763098,30.523917995444208,region20005_Z.jpg,9AP (S),0.0253378378378378
<ui.PyQtImageViewer.QtImageViewer.LineROI object at 0x0000020ECBC4D770>,LineROI,101.86808356339932,382.2157846097793,101.86808356339932,370.8503372700612,region20005_Z.jpg,Empty Label,0.0253378378378378
<ui.PyQtImageViewer.QtImageViewer.LineROI object at 0x0000020ECBC4D810>,LineROI,264.3518862719619,316.9696980299161,277.40110358793453,322.862892946807,region20005_Z.jpg,Empty Label,0.0253378378378378
<ui.PyQtImageViewer.QtImageViewer.RectROI object at 0x0000020ECBC4D8B0>,RectROI,296.12756264236907,289.749430523918,41.002277904328025,41.913439635535326,region20005_Z.jpg,9AP (R),0.0253378378378378
<ui.PyQtImageViewer.QtImageViewer.LineROI object at 0x0000020ECBC4D950>,LineROI,305.1833081961344,303.92048071394345,323.2838354408706,303.92048071394345,region20005_Z.jpg,Empty Label,0.0253378378378378
<ui.PyQtImageViewer.QtImageViewer.LineROI object at 0x0000020ECBC4D9F0>,LineROI,341.8053051796705,378.84824465727024,330.4398578399524,386.84615204447925,region20005_Z.jpg,Empty Label,0.0253378378378378
<ui.PyQtImageViewer.QtImageViewer.LineROI object at 0x0000020ECBC4DA90>,LineROI,366.2199698353612,231.51837173499848,379.6901296453975,239.09533662814388,region20005_Z.jpg,Empty Label,0.0253378378378378
<ui.PyQtImageViewer.QtImageViewer.LineROI object at 0x0000020ECBC4DB30>,LineROI,362.85242988285216,176.79584750672612,350.22415506094313,178.058674988917,region20005_Z.jpg,Empty Label,0.0253378378378378
<ui.PyQtImageViewer.QtImageViewer.LineROI object at 0x0000020ECBC4DBD0>,LineROI,313.1812155833434,236.14873916969844,330.4398578399524,232.36025672312576,region20005_Z.jpg,Empty Label,0.0253378378378378
<ui.PyQtImageViewer.QtImageViewer.LineROI object at 0x0000020ECBC4DC70>,LineROI,52.84738041002279,29.612756264236904,42.8246013667426,17.3120728929385,region20005_Z.jpg,Empty Label,0.0253378378378378
<ui.PyQtImageViewer.QtImageViewer.PointROI object at 0x0000020ECBC4DD10>,PointROI,-9.621867881548974,162.58769931662871,0.0,0.0,region20005_Z.jpg,vacancy,0.0253378378378378
<ui.PyQtImageViewer.QtImageViewer.PointROI object at 0x0000020ECBC4DDB0>,PointROI,248.23690205011397,78.76082004555809,0.0,0.0,region20005_Z.jpg,vacancy,0.0253378378378378
<ui.PyQtImageViewer.QtImageViewer.LineROI object at 0x0000020ECBC4DE50>,LineROI,46.01366742596812,200.00000000000003,60.59225512528474,195.4441913439636,region20005_Z.jpg,Empty Label,0.0253378378378378
<ui.PyQtImageViewer.QtImageViewer.RectROI object at 0x0000020ECBC4C0F0>,RectROI,62.87015945330297,20.956719817767656,42.824601366742606,36.44646924829158,region20006_Z.jpg,9AP (R),0.0253378378378378
<ui.PyQtImageViewer.QtImageViewer.RectROI object at 0x0000020ECB1ECCD0>,RectROI,126.1958997722096,39.63553530751709,45.55808656036446,43.28018223234625,region20006_Z.jpg,9AP (R),0.0253378378378378
<ui.PyQtImageViewer.QtImageViewer.RectROI object at 0x0000020ECB1EFF70>,RectROI,69.70387243735763,91.57175398633258,44.64692482915719,-35.07972665148064,region20006_Z.jpg,9AP (R),0.0253378378378378
<ui.PyQtImageViewer.QtImageViewer.RectROI object at 0x0000020ECB1EFB10>,RectROI,26.87927107061504,127.10706150341689,40.546697038724375,37.35763097949885,region20006_Z.jpg,9AP (R),0.0253378378378378
<ui.PyQtImageViewer.QtImageViewer.RectROI object at 0x0000020ECB1EFA70>,RectROI,41.002277904328025,176.76537585421414,46.9248291571754,36.90205011389523,region20006_Z.jpg,9AP (S),0.0253378378378378
<ui.PyQtImageViewer.QtImageViewer.RectROI object at 0x0000020ECBC4DEF0>,RectROI,3.189066059225513,202.27790432801825,32.80182232346242,33.712984054669704,region20006_Z.jpg,9AP (None),0.0253378378378378
<ui.PyQtImageViewer.QtImageViewer.RectROI object at 0x0000020ECBC4E210>,RectROI,118.4510250569476,163.55353075170845,38.268792710706165,35.07972665148063,region20006_Z.jpg,9AP (R),0.0253378378378378
<ui.PyQtImageViewer.QtImageViewer.RectROI object at 0x0000020ECBC4E3F0>,RectROI,106.1503416856492,195.8997722095672,51.48063781321184,37.81321184510253,region20006_Z.jpg,9AP (S),0.0253378378378378
<ui.PyQtImageViewer.QtImageViewer.RectROI object at 0x0000020ECBC4E490>,RectROI,167.65375854214125,119.36218678815492,35.07972665148063,37.81321184510252,region20006_Z.jpg,9AP (S),0.0253378378378378
<ui.PyQtImageViewer.QtImageViewer.RectROI object at 0x0000020ECBC4E530>,RectROI,247.38041002277907,56.94760820045558,38.26879271070612,39.179954441913445,region20006_Z.jpg,9AP (R),0.0253378378378378
<ui.PyQtImageViewer.QtImageViewer.RectROI object at 0x0000020ECBC4E5D0>,RectROI,215.9453302961276,36.44646924829158,38.7243735763098,-36.44646924829158,region20006_Z.jpg,9AP (R),0.0253378378378378
<ui.PyQtImageViewer.QtImageViewer.RectROI object at 0x0000020ECBC4E670>,RectROI,346.6970387243736,82.46013667425969,41.913439635535326,42.8246013667426,region20006_Z.jpg,9AP (R),0.0253378378378378
<ui.PyQtImageViewer.QtImageViewer.RectROI object at 0x0000020ECBC4E710>,RectROI,350.79726651480644,153.0751708428246,35.0797266514806,39.17995444191345,region20006_Z.jpg,9AP (R),0.0253378378378378
<ui.PyQtImageViewer.QtImageViewer.RectROI object at 0x0000020ECBC4E7B0>,RectROI,191.7995444191344,260.1366742596811,42.8246013667426,42.82460136674263,region20006_Z.jpg,9AP (S),0.0253378378378378
<ui.PyQtImageViewer.QtImageViewer.RectROI object at 0x0000020ECBC4E850>,RectROI,287.0159453302962,276.993166287016,48.29157175398632,39.179954441913424,region20006_Z.jpg,9AP (R),0.0253378378378378
<ui.PyQtImageViewer.QtImageViewer.RectROI object at 0x0000020ECBC4E8F0>,RectROI,333.4851936218679,341.68564920273354,40.09111617312078,36.44646924829158,region20006_Z.jpg,9AP (S),0.0253378378378378
<ui.PyQtImageViewer.QtImageViewer.RectROI object at 0x0000020ECBC4E990>,RectROI,299.7722095671982,359.90888382687933,39.6355353075171,35.9908883826879,region20006_Z.jpg,9AP (R),0.0253378378378378
<ui.PyQtImageViewer.QtImageViewer.RectROI object at 0x0000020ECBC4EA30>,RectROI,153.0751708428246,358.0865603644648,43.28018223234625,36.44646924829158,region20006_Z.jpg,9AP (S),0.0253378378378378
<ui.PyQtImageViewer.QtImageViewer.RectROI object at 0x0000020ECBC4EAD0>,RectROI,59.68109339407746,304.32801822323466,38.724373576309794,36.44646924829158,region20006_Z.jpg,9AP (R),0.0253378378378378
<ui.PyQtImageViewer.QtImageViewer.RectROI object at 0x0000020ECBC4EB70>,RectROI,33.712984054669704,355.8086560364465,-37.35763097949887,-30.97949886104783,region20006_Z.jpg,9AP (None),0.0253378378378378
<ui.PyQtImageViewer.QtImageViewer.LineROI object at 0x0000020ECBC4EC10>,LineROI,71.07061503416857,197.26651480637813,58.76993166287016,184.0546697038725,region20006_Z.jpg,Empty Label,0.0253378378378378
<ui.PyQtImageViewer.QtImageViewer.LineROI object at 0x0000020ECBC4ECB0>,LineROI,124.79271070615034,211.797722095672,135.75580865603646,222.52756264236905,region20006_Z.jpg,Empty Label,0.0253378378378378
<ui.PyQtImageViewer.QtImageViewer.RectROI object at 0x0000020ECBC4ED50>,RectROI,191.7995444191344,260.1366742596811,42.8246013667426,42.82460136674263,region20006_Z.jpg,9AP (S),0.0253378378378378
<ui.PyQtImageViewer.QtImageViewer.LineROI object at 0x0000020ECBC4EDF0>,LineROI,203.4004555808656,282.0082004555809,216.6961275626424,289.70569476082005,region20006_Z.jpg,Empty Label,0.0253378378378378
<ui.PyQtImageViewer.QtImageViewer.LineROI object at 0x0000020ECBC4EE90>,LineROI,143.6865603644647,183.340318906606,132.7234624145786,190.33804100227792,region20006_Z.jpg,Empty Label,0.0253378378378378
<ui.PyQtImageViewer.QtImageViewer.LineROI object at 0x0000020ECBC4EF30>,LineROI,179.3749430523918,141.35398633257404,193.37038724373576,148.11845102505694,region20006_Z.jpg,Empty Label,0.0253378378378378
<ui.PyQtImageViewer.QtImageViewer.LineROI object at 0x0000020ECBC4EFD0>,LineROI,40.82004555808656,154.64965831435077,40.12027334851936,135.98906605922548,region20006_Z.jpg,Empty Label,0.0253378378378378
<ui.PyQtImageViewer.QtImageViewer.LineROI object at 0x0000020ECBC4F070>,LineROI,85.8387243735763,79.07425968109338,84.20592255125283,65.07881548974942,region20006_Z.jpg,Empty Label,0.0253378378378378
<ui.PyQtImageViewer.QtImageViewer.LineROI object at 0x0000020ECBC4F110>,LineROI,81.64009111617311,33.12255125284737,95.16902050113892,41.28656036446469,region20006_Z.jpg,Empty Label,0.0253378378378378
<ui.PyQtImageViewer.QtImageViewer.LineROI object at 0x0000020ECBC4F1B0>,LineROI,150.2177676537585,62.512984054669694,141.58724373576308,71.14350797266513,region20006_Z.jpg,Empty Label,0.0253378378378378
<ui.PyQtImageViewer.QtImageViewer.LineROI object at 0x0000020ECBC4F250>,LineROI,228.82551252847367,19.127107061503413,228.5922551252847,5.364920273348519,region20006_Z.jpg,Empty Label,0.0253378378378378
<ui.PyQtImageViewer.QtImageViewer.LineROI object at 0x0000020ECBC4F2F0>,LineROI,259.14897494305234,68.5776765375854,271.97813211845096,73.94259681093392,region20006_Z.jpg,Empty Label,0.0253378378378378
<ui.PyQtImageViewer.QtImageViewer.LineROI object at 0x0000020ECBC4F390>,LineROI,357.11708428246004,94.7025056947608,375.3111617312072,94.7025056947608,region20006_Z.jpg,Empty Label,0.0253378378378378
<ui.PyQtImageViewer.QtImageViewer.LineROI object at 0x0000020ECBC4F430>,LineROI,373.67835990888375,173.77676537585418,361.7822323462414,181.9407744874715,region20006_Z.jpg,Empty Label,0.0253378378378378
<ui.PyQtImageViewer.QtImageViewer.LineROI object at 0x0000020ECBC4F4D0>,LineROI,311.86514806378113,307.6665148063779,303.9343963553529,289.9389521640089,region20006_Z.jpg,Empty Label,0.0253378378378378
<ui.PyQtImageViewer.QtImageViewer.LineROI object at 0x0000020ECBC4F570>,LineROI,347.08701594533017,368.31343963553513,363.4150341685648,362.9485193621866,region20006_Z.jpg,Empty Label,0.0253378378378378
<ui.PyQtImageViewer.QtImageViewer.LineROI object at 0x0000020ECBC4F610>,LineROI,328.42642369020484,375.7776765375853,316.0637813211844,388.1403189066058,region20006_Z.jpg,Empty Label,0.0253378378378378
<ui.PyQtImageViewer.QtImageViewer.LineROI object at 0x0000020ECBC4F6B0>,LineROI,163.28018223234616,379.5097949886104,183.5735763097949,382.3088838268791,region20006_Z.jpg,Empty Label,0.0253378378378378
<ui.PyQtImageViewer.QtImageViewer.PointROI object at 0x0000020ECBC4F750>,PointROI,93.79498861047836,125.23006833712986,0.0,0.0,region20006_Z.jpg,vacancy,0.0253378378378378
<ui.PyQtImageViewer.QtImageViewer.PointROI object at 0x0000020ECBC4F7F0>,PointROI,118.3963553530752,256.8929384965832,0.0,0.0,region20006_Z.jpg,vacancy,0.0253378378378378
<ui.PyQtImageViewer.QtImageViewer.PointROI object at 0x0000020ECBC4F890>,PointROI,9.056947608200456,232.29157175398635,0.0,0.0,region20006_Z.jpg,vacancy,0.0253378378378378
<ui.PyQtImageViewer.QtImageViewer.PointROI object at 0x0000020ECBC4E2B0>,PointROI,210.87927107061503,177.16628701594536,0.0,0.0,region20006_Z.jpg,vacancy,0.0253378378378378
<ui.PyQtImageViewer.QtImageViewer.PointROI object at 0x0000020ECBC4F930>,PointROI,268.73804100227795,181.26651480637813,0.0,0.0,region20006_Z.jpg,vacancy,0.0253378378378378
<ui.PyQtImageViewer.QtImageViewer.PointROI object at 0x0000020ECBC4F9D0>,PointROI,214.5239179954442,294.25056947608203,0.0,0.0,region20006_Z.jpg,vacancy,0.0253378378378378
<ui.PyQtImageViewer.QtImageViewer.PointROI object at 0x0000020ECBC4FA70>,PointROI,144.82004555808658,-2.7881548974943033,0.0,0.0,region20006_Z.jpg,vacancy,0.0253378378378378
<ui.PyQtImageViewer.QtImageViewer.LineROI object at 0x0000020ECBC4FB10>,LineROI,74.25968109339408,333.4851936218679,67.42596810933941,318.4510250569476,region20006_Z.jpg,Empty Label,0.0253378378378378
<ui.PyQtImageViewer.QtImageViewer.RectROI object at 0x0000020ECBC4E350>,RectROI,102.9612756264237,98.8610478359909,49.65831435079728,41.91343963553531,region20007_Z.jpg,9AP (S),0.0253378378378378
<ui.PyQtImageViewer.QtImageViewer.RectROI object at 0x0000020ECBC4FCF0>,RectROI,203.18906605922552,56.94760820045558,44.6469248291572,36.44646924829159,region20007_Z.jpg,9AP (R),0.0253378378378378
<ui.PyQtImageViewer.QtImageViewer.RectROI object at 0x0000020ECBC4E170>,RectROI,222.77904328018224,123.00683371298406,33.257403189066025,35.53530751708429,region20007_Z.jpg,9AP (R),0.0253378378378378
<ui.PyQtImageViewer.QtImageViewer.RectROI object at 0x0000020ECBC4E0D0>,RectROI,172.2095671981777,153.53075170842826,40.546697038724375,39.17995444191345,region20007_Z.jpg,9AP (S),0.0253378378378378
<ui.PyQtImageViewer.QtImageViewer.RectROI object at 0x0000020ECBC4FD90>,RectROI,89.29384965831436,156.71981776765378,40.09111617312074,40.09111617312072,region20007_Z.jpg,9AP (R),0.0253378378378378
<ui.PyQtImageViewer.QtImageViewer.RectROI object at 0x0000020ECBC4FBB0>,RectROI,105.23917995444192,229.6127562642369,37.81321184510252,-34.168564920273354,region20007_Z.jpg,9AP (S),0.0253378378378378
<ui.PyQtImageViewer.QtImageViewer.RectROI object at 0x0000020ECBC4FED0>,RectROI,157.63097949886105,220.50113895216404,-33.25740318906605,38.72437357630977,region20007_Z.jpg,9AP (S),0.0253378378378378
<ui.PyQtImageViewer.QtImageViewer.RectROI object at 0x0000020ECBC4FF70>,RectROI,164.46469248291572,224.1457858769932,46.924829157175424,41.45785876993168,region20007_Z.jpg,9AP (R),0.0253378378378378
<ui.PyQtImageViewer.QtImageViewer.RectROI object at 0x0000020ECBC4FC50>,RectROI,51.93621867881549,253.30296127562644,33.25740318906607,36.9020501138952,region20007_Z.jpg,9AP (S),0.0253378378378378
<ui.PyQtImageViewer.QtImageViewer.RectROI object at 0x0000020ECBC4DF90>,RectROI,50.56947608200456,297.0387243735763,41.913439635535305,38.7243735763098,region20007_Z.jpg,9AP (S),0.0253378378378378
<ui.PyQtImageViewer.QtImageViewer.RectROI object at 0x0000020ECBC4E030>,RectROI,145.33029612756266,319.8177676537585,37.35763097949885,41.002277904328025,region20007_Z.jpg,9AP (S),0.0253378378378378
<ui.PyQtImageViewer.QtImageViewer.RectROI object at 0x0000020ECBC7C230>,RectROI,275.62642369020506,223.2346241457859,40.09111617312072,37.81321184510253,region20007_Z.jpg,9AP (S),0.0253378378378378
<ui.PyQtImageViewer.QtImageViewer.RectROI object at 0x0000020ECBC7C2D0>,RectROI,328.0182232346242,202.27790432801825,40.09111617312072,36.44646924829158,region20007_Z.jpg,9AP (R),0.0253378378378378
<ui.PyQtImageViewer.QtImageViewer.RectROI object at 0x0000020ECBC7C370>,RectROI,351.25284738041006,253.30296127562644,35.079726651480655,32.34624145785875,region20007_Z.jpg,9AP (R),0.0253378378378378
<ui.PyQtImageViewer.QtImageViewer.RectROI object at 0x0000020ECBC7C410>,RectROI,333.4851936218679,288.8382687927107,34.62414578587703,30.523917995444208,region20007_Z.jpg,9AP (R),0.0253378378378378
<ui.PyQtImageViewer.QtImageViewer.RectROI object at 0x0000020ECBC7C4B0>,RectROI,294.30523917995447,309.33940774487473,35.079726651480655,40.5466970387244,region20007_Z.jpg,9AP (S),0.0253378378378378
<ui.PyQtImageViewer.QtImageViewer.RectROI object at 0x0000020ECBC7C550>,RectROI,254.6697038724374,310.25056947608203,39.635535307517074,40.09111617312072,region20007_Z.jpg,9AP (R),0.0253378378378378
<ui.PyQtImageViewer.QtImageViewer.RectROI object at 0x0000020ECBC7C5F0>,RectROI,345.7858769931663,10.478359908883828,41.913439635535326,43.735763097949885,region20007_Z.jpg,9AP (R),0.0253378378378378
<ui.PyQtImageViewer.QtImageViewer.RectROI object at 0x0000020ECBC7C690>,RectROI,169.47608200455582,30.97949886104784,37.35763097949888,-30.06833712984055,region20007_Z.jpg,9AP (R),0.0253378378378378
<ui.PyQtImageViewer.QtImageViewer.RectROI object at 0x0000020ECBC7C0F0>,RectROI,302.50569476082006,19.58997722095672,35.99088838268796,-22.32346241457859,region20007_Z.jpg,9AP (None),0.0253378378378378
<ui.PyQtImageViewer.QtImageViewer.RectROI object at 0x0000020ECBC7C730>,RectROI,43.28018223234625,20.04555808656037,41.002277904328025,-21.867881548974943,region20007_Z.jpg,9AP (None),0.0253378378378378
<ui.PyQtImageViewer.QtImageViewer.LineROI object at 0x0000020ECBC7C870>,LineROI,117.09521640091116,173.3102505694761,106.83189066059226,186.6059225512529,region20007_Z.jpg,Empty Label,0.0253378378378378
<ui.PyQtImageViewer.QtImageViewer.LineROI object at 0x0000020ECBC7C9B0>,LineROI,133.4232346241458,128.05831435079727,135.9890660592255,110.56400911161732,region20007_Z.jpg,Empty Label,0.0253378378378378
<ui.PyQtImageViewer.QtImageViewer.LineROI object at 0x0000020ECBC7CA50>,LineROI,184.2733485193622,175.64282460136675,199.20182232346244,188.0054669703873,region20007_Z.jpg,Empty Label,0.0253378378378378
<ui.PyQtImageViewer.QtImageViewer.LineROI object at 0x0000020ECBC7CAF0>,LineROI,234.4236902050114,134.123006833713,247.71936218678812,141.5872437357631,region20007_Z.jpg,Empty Label,0.0253378378378378
<ui.PyQtImageViewer.QtImageViewer.RectROI object at 0x0000020ECBC7CB90>,RectROI,164.46469248291572,224.1457858769932,46.924829157175424,41.45785876993168,region20007_Z.jpg,9AP (R),0.0253378378378378
<ui.PyQtImageViewer.QtImageViewer.LineROI object at 0x0000020ECBC7CC30>,LineROI,186.6059225512529,255.88337129840548,180.074715261959,239.7886104783599,region20007_Z.jpg,Empty Label,0.0253378378378378
<ui.PyQtImageViewer.QtImageViewer.LineROI object at 0x0000020ECBC7CCD0>,LineROI,130.39088838268793,241.6546697038725,143.22004555808655,248.65239179954443,region20007_Z.jpg,Empty Label,0.0253378378378378
<ui.PyQtImageViewer.QtImageViewer.LineROI object at 0x0000020ECBC7CD70>,LineROI,62.04646924829157,267.5462414578588,77.67471526195901,274.7772209567198,region20007_Z.jpg,Empty Label,0.0253378378378378
<ui.PyQtImageViewer.QtImageViewer.LineROI object at 0x0000020ECBC7CE10>,LineROI,63.91252847380407,320.0291571753985,79.5407744874715,330.2924829157174,region20007_Z.jpg,Empty Label,0.0253378378378378
<ui.PyQtImageViewer.QtImageViewer.LineROI object at 0x0000020ECBC7CEB0>,LineROI,159.31480637813206,349.65284738040987,178.2086560364464,344.7544419134395,region20007_Z.jpg,Empty Label,0.0253378378378378
<ui.PyQtImageViewer.QtImageViewer.LineROI object at 0x0000020ECBC7CF50>,LineROI,277.5763097949883,341.7220956719813,270.81184510250534,326.79362186788114,region20007_Z.jpg,Empty Label,0.0253378378378378
<ui.PyQtImageViewer.QtImageViewer.LineROI object at 0x0000020ECBC7CFF0>,LineROI,310.46560364464654,326.093849658314,299.0359908883823,335.1908883826875,region20007_Z.jpg,Empty Label,0.0253378378378378
<ui.PyQtImageViewer.QtImageViewer.LineROI object at 0x0000020ECBC7D090>,LineROI,360.14943052391754,306.7334851936215,348.48656036446425,316.5302961275622,region20007_Z.jpg,Empty Label,0.0253378378378378
<ui.PyQtImageViewer.QtImageViewer.LineROI object at 0x0000020ECBC7D130>,LineROI,361.5489749430519,278.97585421412265,361.782232346241,263.3476082004552,region20007_Z.jpg,Empty Label,0.0253378378378378
<ui.PyQtImageViewer.QtImageViewer.LineROI object at 0x0000020ECBC7D1D0>,LineROI,344.98769931662827,227.19271070615005,344.98769931662827,211.3312072892936,region20007_Z.jpg,Empty Label,0.0253378378378378
<ui.PyQtImageViewer.QtImageViewer.LineROI object at 0x0000020ECBC7D270>,LineROI,298.3362186788151,233.95717539863296,282.7079726651477,239.3220956719815,region20007_Z.jpg,Empty Label,0.0253378378378378
<ui.PyQtImageViewer.QtImageViewer.LineROI object at 0x0000020ECBC7D310>,LineROI,223.9271070615033,68.34441913439633,236.0564920273348,74.6423690205011,region20007_Z.jpg,Empty Label,0.0253378378378378
<ui.PyQtImageViewer.QtImageViewer.LineROI object at 0x0000020ECBC7D450>,LineROI,194.1188431803617,7.907081188609436,186.2117619917522,18.97699485266265,region20007_Z.jpg,Empty Label,0.0253378378378378
<ui.PyQtImageViewer.QtImageViewer.PointROI object at 0x0000020ECBC7D4F0>,PointROI,-3.2437357630979484,154.84282460136677,0.0,0.0,region20007_Z.jpg,vacancy,0.0253378378378378
<ui.PyQtImageViewer.QtImageViewer.PointROI object at 0x0000020ECBC7D590>,PointROI,31.835990888382696,65.5489749430524,0.0,0.0,region20007_Z.jpg,vacancy,0.0253378378378378
<ui.PyQtImageViewer.QtImageViewer.PointROI object at 0x0000020ECBC7D630>,PointROI,128.874715261959,370.3325740318907,0.0,0.0,region20007_Z.jpg,vacancy,0.0253378378378378
<ui.PyQtImageViewer.QtImageViewer.PointROI object at 0x0000020ECBC7D6D0>,PointROI,242.7699316628702,291.0615034168565,0.0,0.0,region20007_Z.jpg,vacancy,0.0253378378378378
<ui.PyQtImageViewer.QtImageViewer.PointROI object at 0x0000020ECBC7D770>,PointROI,243.2255125284738,337.07517084282466,0.0,0.0,region20007_Z.jpg,vacancy,0.0253378378378378
<ui.PyQtImageViewer.QtImageViewer.PointROI object at 0x0000020ECBC7D810>,PointROI,320.2186788154898,177.621867881549,0.0,0.0,region20007_Z.jpg,vacancy,0.0253378378378378
<ui.PyQtImageViewer.QtImageViewer.PointROI object at 0x0000020ECBC7D8B0>,PointROI,337.9863325740319,126.14123006833714,0.0,0.0,region20007_Z.jpg,vacancy,0.0253378378378378
<ui.PyQtImageViewer.QtImageViewer.PointROI object at 0x0000020ECBC7D950>,PointROI,270.5603644646925,67.37129840546697,0.0,0.0,region20007_Z.jpg,vacancy,0.0253378378378378
<ui.PyQtImageViewer.QtImageViewer.RectROI object at 0x0000020ECBC7C910>,RectROI,216.4373576309795,156.42824601366743,55.28929384965832,59.33485193621868,region2_highres0001_Z.jpg,9AP (R),0.0253378378378378
<ui.PyQtImageViewer.QtImageViewer.RectROI object at 0x0000020ECBC4FE30>,RectROI,347.243735763098,178.67881548974944,55.28929384965829,57.98633257403188,region2_highres0001_Z.jpg,9AP (R),0.0253378378378378
<ui.PyQtImageViewer.QtImageViewer.RectROI object at 0x0000020ECB1ECD70>,RectROI,407.9271070615034,126.76082004555808,55.96355353075171,46.52391799544418,region2_highres0001_Z.jpg,9AP (None),0.0253378378378378
<ui.PyQtImageViewer.QtImageViewer.RectROI object at 0x0000020ECBC7C7D0>,RectROI,519.8542141230068,31.015945330296127,50.5694760820046,51.91799544419134,region2_highres0001_Z.jpg,9AP (S),0.0253378378378378
<ui.PyQtImageViewer.QtImageViewer.RectROI object at 0x0000020ECBC7DBD0>,RectROI,227.2255125284738,35.06150341685649,56.63781321184507,-35.735763097949885,region2_highres0001_Z.jpg,9AP (None),0.0253378378378378
<ui.PyQtImageViewer.QtImageViewer.RectROI object at 0x0000020ECBC7DDB0>,RectROI,86.30523917995444,288.58314350797264,66.75170842824602,45.17539863325743,region2_highres0001_Z.jpg,9AP (None),0.0253378378378378
<ui.PyQtImageViewer.QtImageViewer.RectROI object at 0x0000020ECBC7DC70>,RectROI,273.0751708428246,416.6924829157176,60.68337129840546,59.33485193621863,region2_highres0001_Z.jpg,9AP (R),0.0253378378378378
<ui.PyQtImageViewer.QtImageViewer.RectROI object at 0x0000020ECBC7DEF0>,RectROI,260.26423690205013,527.2710706150342,66.75170842824599,-48.5466970387244,region2_highres0001_Z.jpg,9AP (S),0.0253378378378378
<ui.PyQtImageViewer.QtImageViewer.RectROI object at 0x0000020ECBC7DF90>,RectROI,376.9111617312073,443.6628701594533,56.63781321184507,66.75170842824605,region2_highres0001_Z.jpg,9AP (R),0.0253378378378378
<ui.PyQtImageViewer.QtImageViewer.RectROI object at 0x0000020ECBC7E030>,RectROI,454.4510250569476,358.70615034168566,64.05466970387238,50.56947608200454,region2_highres0001_Z.jpg,9AP (R),0.0253378378378378
<ui.PyQtImageViewer.QtImageViewer.RectROI object at 0x0000020ECBC7E0D0>,RectROI,461.1936218678815,464.5649202733485,54.61503416856493,61.35763097949888,region2_highres0001_Z.jpg,9AP (S),0.0253378378378378
<ui.PyQtImageViewer.QtImageViewer.RectROI object at 0x0000020ECBC7E170>,RectROI,527.9453302961275,497.6036446469248,53.94077448747157,60.00911161731205,region2_highres0001_Z.jpg,9AP (R),0.0253378378378378
<ui.PyQtImageViewer.QtImageViewer.RectROI object at 0x0000020ECBC7E210>,RectROI,554.9157175398633,285.8861047835991,42.47835990888382,53.94077448747152,region2_highres0001_Z.jpg,9AP (S),0.0253378378378378
<ui.PyQtImageViewer.QtImageViewer.LineROI object at 0x0000020ECBC7DE50>,LineROI,570.4236902050114,316.9020501138952,586.6059225512529,331.0615034168565,region2_highres0001_Z.jpg,Empty Label,0.0253378378378378
<ui.PyQtImageViewer.QtImageViewer.LineROI object at 0x0000020ECBC7E2B0>,LineROI,529.9681093394078,60.00911161731207,547.4988610478359,74.16856492027335,region2_highres0001_Z.jpg,Empty Label,0.0253378378378378
<ui.PyQtImageViewer.QtImageViewer.LineROI object at 0x0000020ECBC7E350>,LineROI,358.70615034168566,198.23234624145783,383.6537585421413,198.90660592255125,region2_highres0001_Z.jpg,Empty Label,0.0253378378378378
<ui.PyQtImageViewer.QtImageViewer.RectROI object at 0x0000020ECBC7E3F0>,RectROI,216.4373576309795,156.42824601366743,55.28929384965832,59.33485193621868,region2_highres0001_Z.jpg,9AP (R),0.0253378378378378
<ui.PyQtImageViewer.QtImageViewer.LineROI object at 0x0000020ECBC7E490>,LineROI,232.61958997722093,198.23234624145783,233.2938496583144,172.61047835990888,region2_highres0001_Z.jpg,Empty Label,0.0253378378378378
<ui.PyQtImageViewer.QtImageViewer.LineROI object at 0x0000020ECBC7E530>,LineROI,311.5079726651481,451.0797266514807,289.93166287015947,463.89066059225513,region2_highres0001_Z.jpg,Empty Label,0.0253378378378378
<ui.PyQtImageViewer.QtImageViewer.LineROI object at 0x0000020ECBC7E5D0>,LineROI,304.76537585421414,492.8838268792711,291.9544419134396,511.0888382687927,region2_highres0001_Z.jpg,Empty Label,0.0253378378378378
<ui.PyQtImageViewer.QtImageViewer.LineROI object at 0x0000020ECBC7E670>,LineROI,484.79271070615033,399.8359908883827,476.0273348519362,378.2596810933941,region2_highres0001_Z.jpg,Empty Label,0.0253378378378378
<ui.PyQtImageViewer.QtImageViewer.LineROI object at 0x0000020ECBC7E710>,LineROI,392.4471835990892,465.3578496583148,417.3030924829161,466.738733485194,region2_highres0001_Z.jpg,Empty Label,0.0253378378378378
<ui.PyQtImageViewer.QtImageViewer.LineROI object at 0x0000020ECBC7E7B0>,LineROI,479.44286469248334,506.2320109339412,506.2320109339412,502.0893594533034,region2_highres0001_Z.jpg,Empty Label,0.0253378378378378
<ui.PyQtImageViewer.QtImageViewer.LineROI object at 0x0000020ECBC7E850>,LineROI,568.6479599088843,538.8208692482921,542.687343963554,539.0970460136679,region2_highres0001_Z.jpg,Empty Label,0.0253378378378378
<ui.PyQtImageViewer.QtImageViewer.PointROI object at 0x0000020ECBC7E8F0>,PointROI,-5.886104783599089,166.0501138952164,0.0,0.0,region2_highres0001_Z.jpg,vacancy,0.0253378378378378
<ui.PyQtImageViewer.QtImageViewer.PointROI object at 0x0000020ECBC7E990>,PointROI,104.01822323462414,408.7835990888383,0.0,0.0,region2_highres0001_Z.jpg,vacancy,0.0253378378378378
<ui.PyQtImageViewer.QtImageViewer.PointROI object at 0x0000020ECBC7EA30>,PointROI,75.6993166287016,528.8018223234624,0.0,0.0,region2_highres0001_Z.jpg,vacancy,0.0253378378378378
<ui.PyQtImageViewer.QtImageViewer.RectROI object at 0x0000020ECBC7DD10>,RectROI,92.37357630979498,85.63097949886105,60.68337129840548,49.89521640091115,region2_highres0003_Z.jpg,9AP (R),0.0253378378378378
<ui.PyQtImageViewer.QtImageViewer.RectROI object at 0x0000020ECBC7EC10>,RectROI,31.015945330296127,295.3257403189066,70.12300683371299,53.26651480637816,region2_highres0003_Z.jpg,9AP (S),0.0253378378378378
<ui.PyQtImageViewer.QtImageViewer.RectROI object at 0x0000020ECBC7DA90>,RectROI,147.6628701594533,279.14350797266513,56.6378132118451,50.56947608200454,region2_highres0003_Z.jpg,9AP (S),0.0253378378378378
<ui.PyQtImageViewer.QtImageViewer.RectROI object at 0x0000020ECBC7D9F0>,RectROI,120.01822323462414,221.15717539863329,60.00911161731207,52.59225512528471,region2_highres0003_Z.jpg,9AP (R),0.0253378378378378
<ui.PyQtImageViewer.QtImageViewer.RectROI object at 0x0000020ECBC7ECB0>,RectROI,306.7881548974943,331.0615034168565,68.77448747152624,68.10022779043277,region2_highres0003_Z.jpg,9AP (R),0.0253378378378378
<ui.PyQtImageViewer.QtImageViewer.RectROI object at 0x0000020ECBC7ED50>,RectROI,264.9840546697039,370.8428246013667,58.66059225512527,58.66059225512532,region2_highres0003_Z.jpg,9AP (R),0.0253378378378378
<ui.PyQtImageViewer.QtImageViewer.RectROI object at 0x0000020ECBC7EDF0>,RectROI,421.4123006833713,371.5170842824601,56.63781321184507,55.96355353075171,region2_highres0003_Z.jpg,9AP (S),0.0253378378378378
<ui.PyQtImageViewer.QtImageViewer.RectROI object at 0x0000020ECBC7EE90>,RectROI,516.4829157175399,374.8883826879271,58.66059225512527,60.68337129840546,region2_highres0003_Z.jpg,9AP (R),0.0253378378378378
<ui.PyQtImageViewer.QtImageViewer.RectROI object at 0x0000020ECBC7EF30>,RectROI,295.3257403189066,237.3394077448747,57.98633257403191,60.00911161731207,region2_highres0003_Z.jpg,9AP (R),0.0253378378378378
<ui.PyQtImageViewer.QtImageViewer.RectROI object at 0x0000020ECBC7EFD0>,RectROI,394.4419134396355,242.73348519362187,-36.41002277904329,49.220956719817735,region2_highres0003_Z.jpg,9AP (None),0.0253378378378378
<ui.PyQtImageViewer.QtImageViewer.RectROI object at 0x0000020ECBC7F070>,RectROI,320.9476082004556,91.0250569476082,56.63781321184507,53.94077448747153,region2_highres0003_Z.jpg,9AP (R),0.0253378378378378
<ui.PyQtImageViewer.QtImageViewer.RectROI object at 0x0000020ECBC7F250>,RectROI,241.38496583143507,37.08428246013668,46.52391799544421,43.15261958997722,region2_highres0003_Z.jpg,9AP (R),0.0253378378378378
<ui.PyQtImageViewer.QtImageViewer.RectROI object at 0x0000020ECBC7F2F0>,RectROI,227.2255125284738,80.2369020501139,41.8041002277904,51.91799544419133,region2_highres0003_Z.jpg,9AP (R),0.0253378378378378
<ui.PyQtImageViewer.QtImageViewer.RectROI object at 0x0000020ECBC7F390>,RectROI,320.2733485193622,77.53986332574031,-32.3644646924829,59.33485193621867,region2_highres0003_Z.jpg,9AP (None),0.0253378378378378
<ui.PyQtImageViewer.QtImageViewer.RectROI object at 0x0000020ECBC7F430>,RectROI,221.15717539863329,144.96583143507974,-41.80410022779043,55.96355353075171,region2_highres0003_Z.jpg,9AP (None),0.0253378378378378
<ui.PyQtImageViewer.QtImageViewer.RectROI object at 0x0000020ECBC7F4D0>,RectROI,89.00227790432801,430.8519362186788,47.19817767653758,52.59225512528474,region2_highres0003_Z.jpg,9AP (R),0.0253378378378378
<ui.PyQtImageViewer.QtImageViewer.RectROI object at 0x0000020ECBC7F570>,RectROI,8.091116173120728,466.5876993166287,59.33485193621868,59.33485193621868,region2_highres0003_Z.jpg,9AP (R),0.0253378378378378
<ui.PyQtImageViewer.QtImageViewer.RectROI object at 0x0000020ECBC7F610>,RectROI,98.44191343963551,533.3394077448747,53.94077448747154,50.569476082004485,region2_highres0003_Z.jpg,9AP (R),0.0253378378378378
<ui.PyQtImageViewer.QtImageViewer.RectROI object at 0x0000020ECBC7F6B0>,RectROI,231.27107061503415,459.1708428246014,55.28929384965832,70.12300683371296,region2_highres0003_Z.jpg,9AP (S),0.0253378378378378
<ui.PyQtImageViewer.QtImageViewer.RectROI object at 0x0000020ECBC7F750>,RectROI,308.1366742596811,510.41457858769934,49.89521640091112,47.87243735763093,region2_highres0003_Z.jpg,9AP (S),0.0253378378378378
<ui.PyQtImageViewer.QtImageViewer.RectROI object at 0x0000020ECBC7F7F0>,RectROI,279.8177676537585,554.9157175398633,60.68337129840546,43.15261958997724,region2_highres0003_Z.jpg,9AP (None),0.0253378378378378
<ui.PyQtImageViewer.QtImageViewer.LineROI object at 0x0000020ECBC7F890>,LineROI,60.00911161731207,312.18223234624145,47.19817767653758,327.0159453302961,region2_highres0003_Z.jpg,Empty Label,0.0253378378378378
<ui.PyQtImageViewer.QtImageViewer.RectROI object at 0x0000020ECBC7F930>,RectROI,147.6628701594533,279.14350797266513,56.6378132118451,50.56947608200454,region2_highres0003_Z.jpg,9AP (S),0.0253378378378378
<ui.PyQtImageViewer.QtImageViewer.LineROI object at 0x0000020ECBC7F9D0>,LineROI,177.33029612756263,291.9544419134396,161.82232346241457,305.4396355353075,region2_highres0003_Z.jpg,Empty Label,0.0253378378378378
<ui.PyQtImageViewer.QtImageViewer.RectROI object at 0x0000020ECBC7FA70>,RectROI,120.01822323462414,221.15717539863329,60.00911161731207,52.59225512528471,region2_highres0003_Z.jpg,9AP (R),0.0253378378378378
<ui.PyQtImageViewer.QtImageViewer.LineROI object at 0x0000020ECBC7FB10>,LineROI,158.4510250569476,262.28701594533027,161.14806378132118,238.0136674259681,region2_highres0003_Z.jpg,Empty Label,0.0253378378378378
<ui.PyQtImageViewer.QtImageViewer.RectROI object at 0x0000020ECBC7FBB0>,RectROI,128.78359908883826,149.0113895216401,45.84965831435082,52.59225512528474,region2_highres0003_Z.jpg,9AP (R),0.0253378378378378
<ui.PyQtImageViewer.QtImageViewer.LineROI object at 0x0000020ECBC7FC50>,LineROI,151.70842824601365,188.79271070615036,135.5261958997722,167.21640091116174,region2_highres0003_Z.jpg,Empty Label,0.0253378378378378
<ui.PyQtImageViewer.QtImageViewer.LineROI object at 0x0000020ECBC7FCF0>,LineROI,105.18451025056947,117.99544419134396,107.20728929384966,95.07061503416855,region2_highres0003_Z.jpg,Empty Label,0.0253378378378378
<ui.PyQtImageViewer.QtImageViewer.LineROI object at 0x0000020ECBC7FD90>,LineROI,243.4077448747153,94.39635535307517,264.30979498861046,95.74487471526196,region2_highres0003_Z.jpg,Empty Label,0.0253378378378378
<ui.PyQtImageViewer.QtImageViewer.LineROI object at 0x0000020ECBC7FE30>,LineROI,271.0523917995444,59.33485193621868,254.87015945330296,72.82004555808656,region2_highres0003_Z.jpg,Empty Label,0.0253378378378378
<ui.PyQtImageViewer.QtImageViewer.LineROI object at 0x0000020ECBC7FED0>,LineROI,334.4328018223235,128.10933940774487,337.80410022779046,107.20728929384966,region2_highres0003_Z.jpg,Empty Label,0.0253378378378378
<ui.PyQtImageViewer.QtImageViewer.LineROI object at 0x0000020ECBC7FF70>,LineROI,511.0888382687927,217.1116173120729,515.134396355353,196.20956719817767,region2_highres0003_Z.jpg,Empty Label,0.0253378378378378
<ui.PyQtImageViewer.QtImageViewer.RectROI object at 0x0000020ECBC7F1B0>,RectROI,472.6560364464692,179.35307517084283,53.26651480637816,51.91799544419135,region2_highres0003_Z.jpg,9AP (S),0.0253378378378378
<ui.PyQtImageViewer.QtImageViewer.RectROI object at 0x0000020ECBC7C190>,RectROI,389.7220956719818,277.12072892938494,59.33485193621868,50.5694760820046,region2_highres0003_Z.jpg,9AP (R),0.0253378378378378
<ui.PyQtImageViewer.QtImageViewer.LineROI object at 0x0000020ECBC7C050>,LineROI,413.3211845102506,310.83371298405467,403.88154897494303,293.9772209567198,region2_highres0003_Z.jpg,Empty Label,0.0253378378378378
<ui.PyQtImageViewer.QtImageViewer.LineROI object at 0x0000020ECBC90230>,LineROI,321.6218678815489,279.8177676537585,313.5307517084282,257.5671981776765,region2_highres0003_Z.jpg,Empty Label,0.0253378378378378
<ui.PyQtImageViewer.QtImageViewer.LineROI object at 0x0000020ECBC902D0>,LineROI,329.0387243735763,352.63781321184507,354.66059225512527,350.61503416856493,region2_highres0003_Z.jpg,Empty Label,0.0253378378378378
<ui.PyQtImageViewer.QtImageViewer.LineROI object at 0x0000020ECBC90370>,LineROI,282.5148063781321,411.2984054669704,283.8633257403189,387.0250569476082,region2_highres0003_Z.jpg,Empty Label,0.0253378378378378
<ui.PyQtImageViewer.QtImageViewer.RectROI object at 0x0000020ECBC90410>,RectROI,421.4123006833713,371.5170842824601,56.63781321184507,55.96355353075171,region2_highres0003_Z.jpg,9AP (S),0.0253378378378378
<ui.PyQtImageViewer.QtImageViewer.LineROI object at 0x0000020ECBC904B0>,LineROI,440.2915717539863,408.6013667425968,457.8223234624146,401.1845102505695,region2_highres0003_Z.jpg,Empty Label,0.0253378378378378
<ui.PyQtImageViewer.QtImageViewer.RectROI object at 0x0000020ECBC90550>,RectROI,516.4829157175399,374.8883826879271,58.66059225512527,60.68337129840546,region2_highres0003_Z.jpg,9AP (R),0.0253378378378378
<ui.PyQtImageViewer.QtImageViewer.LineROI object at 0x0000020ECBC905F0>,LineROI,539.4077448747153,415.3439635535307,540.0820045558087,395.11617312072894,region2_highres0003_Z.jpg,Empty Label,0.0253378378378378
<ui.PyQtImageViewer.QtImageViewer.RectROI object at 0x0000020ECBC90690>,RectROI,231.27107061503415,459.1708428246014,55.28929384965832,70.12300683371296,region2_highres0003_Z.jpg,9AP (S),0.0253378378378378
<ui.PyQtImageViewer.QtImageViewer.LineROI object at 0x0000020ECBC90730>,LineROI,250.8246013667426,504.3462414578588,267.68109339407744,517.8314350797266,region2_highres0003_Z.jpg,Empty Label,0.0253378378378378
<ui.PyQtImageViewer.QtImageViewer.LineROI object at 0x0000020ECBC907D0>,LineROI,317.5763097949886,529.2938496583143,341.8496583143508,531.3166287015945,region2_highres0003_Z.jpg,Empty Label,0.0253378378378378
<ui.PyQtImageViewer.QtImageViewer.LineROI object at 0x0000020ECBC90870>,LineROI,144.29157175398632,559.6355353075171,128.78359908883826,572.4464692482916,region2_highres0003_Z.jpg,Empty Label,0.0253378378378378
<ui.PyQtImageViewer.QtImageViewer.LineROI object at 0x0000020ECBC90910>,LineROI,120.01822323462414,465.2391799544419,106.53302961275628,475.3530751708428,region2_highres0003_Z.jpg,Empty Label,0.0253378378378378
<ui.PyQtImageViewer.QtImageViewer.RectROI object at 0x0000020ECBC909B0>,RectROI,8.091116173120728,466.5876993166287,59.33485193621868,59.33485193621868,region2_highres0003_Z.jpg,9AP (R),0.0253378378378378
<ui.PyQtImageViewer.QtImageViewer.LineROI object at 0x0000020ECBC90A50>,LineROI,47.19817767653758,487.4897494305239,34.3872437357631,510.41457858769934,region2_highres0003_Z.jpg,Empty Label,0.0253378378378378
<ui.PyQtImageViewer.QtImageViewer.PointROI object at 0x0000020ECBC90AF0>,PointROI,117.10933940774488,378.0478359908884,0.0,0.0,region2_highres0003_Z.jpg,vacancy,0.0253378378378378
<ui.PyQtImageViewer.QtImageViewer.PointROI object at 0x0000020ECBC90B90>,PointROI,293.0911161731207,316.0159453302961,0.0,0.0,region2_highres0003_Z.jpg,vacancy,0.0253378378378378
<ui.PyQtImageViewer.QtImageViewer.LineROI object at 0x0000020ECB1EC4B0>,LineROI,369.8973774230331,37.40022805017104,355.7582668187001,37.40022805017104,region20007_Z.jpg,Empty Label,0.0253378378378378
<ui.PyQtImageViewer.QtImageViewer.RectROI object at 0x0000020ECB1ED4F0>,RectROI,139.57175398633257,435.57175398633257,60.00911161731207,49.22095671981776,region10002_Z.jpg,9AP (None),0.0253378378378378
